Metric,Average (seconds)
Base Time,0.03719010829925537
LLM Time,23.19010082244873
Total Time,23.227290930747987
