Metric,Average (seconds)
Base Time,1.7555835223197938
LLM Time,23.34177056789398
Total Time,25.097354090213777
